{"values": [0.39032258064516134, -0.5322580645161291, 0.17741935483870974, 1.029032258064516, -0.8870967741935485, 0.532258064516129, -0.8161290322580645, -0.8870967741935485, 0.6741935483870969, -0.24838709677419357, 0.9580645161290322, -1.1, -0.8870967741935485, 0.8161290322580645, 0.24838709677419368, -0.8870967741935485, 1.029032258064516, -0.603225806451613, 0.6741935483870969, -0.8870967741935485, -0.6741935483870969, -0.603225806451613, 0.24838709677419368, 0.9580645161290322, -0.5322580645161291, -1.1, 0.4612903225806453, 1.029032258064516, 0.1064516129032258, -1.0290322580645161, -0.7451612903225807, 0.17741935483870974, 0.39032258064516134, 0.39032258064516134, 0.8870967741935485, 0.03548387096774186, 0.17741935483870974, -0.4612903225806452, -0.603225806451613, -1.0290322580645161, -0.03548387096774208, 0.03548387096774186, 0.7451612903225806, 1.029032258064516, 0.24838709677419368, 1.1, -0.3193548387096774, 0.9580645161290322, 0.6741935483870969, -0.24838709677419357, -1.0290322580645161, 0.8870967741935485, 0.9580645161290322, -0.8161290322580645, 0.39032258064516134, 0.1064516129032258, -0.603225806451613, -0.1064516129032258, -1.1, 0.9580645161290322, -0.7451612903225807, 1.1], "eaten": 24, "energy": 3912.4697811968967}